{
  "eye": {
    "orientation": [
      0.4349547028541565,
      1.0443067367305048E-5,
      5.044573299528565E-6,
      0.9004523158073425
    ],
    "magnitude": 0.5773502588272095,
    "position": [
      19.046415328979492,
      -23.634124755859375,
      48.643096923828125
    ]
  },
  "radius": 50,
  "type": "PERSPECTIVE"
}