{
  "eye": {
    "orientation": [
      0.43489882349967957,
      6.44684987491928E-5,
      3.114186256425455E-5,
      0.9004793167114258
    ],
    "magnitude": 0.5773502588272095,
    "position": [
      19.042715072631836,
      -23.63116455078125,
      48.64013671875
    ]
  },
  "radius": 50,
  "type": "PERSPECTIVE"
}